{
  "bbox_min": {
    "x": -1.45149453,
    "y": -1.44936139,
    "z": 0.0
  },
  "bbox_max": {
    "x": 1.28567569,
    "y": 1.33333733,
    "z": 1.24900722
  },
  "pivot_offset": {
    "x": -0.42853577437899854,
    "y": 0.8751949602712678,
    "z": -4.1475997
  },
  "final_polycount": 755609,
  "quality_score": 1.0,
  "created_at": "2026-04-24T21:46:03.466122"
}