{
  "bbox_min": {
    "x": -0.5,
    "y": -0.5,
    "z": 0.0
  },
  "bbox_max": {
    "x": 0.5,
    "y": 0.5,
    "z": 1.0
  },
  "pivot_offset": {
    "x": -9.25185853854297e-18,
    "y": 9.25185853854297e-18,
    "z": 0.5
  },
  "final_polycount": 12,
  "quality_score": 1.0,
  "created_at": "2026-04-24T01:32:00.238101"
}